Package,License,Repository,LicenseFile
@esbuild/win32-x64@0.25.2,MIT,https://github.com/evanw/esbuild,C:\Users\user\dev\lifeGame_0\node_modules\@esbuild\win32-x64\README.md
@eslint-community/eslint-utils@4.6.0,MIT,https://github.com/eslint-community/eslint-utils,C:\Users\user\dev\lifeGame_0\node_modules\@eslint-community\eslint-utils\LICENSE
@eslint-community/regexpp@4.12.1,MIT,https://github.com/eslint-community/regexpp,C:\Users\user\dev\lifeGame_0\node_modules\@eslint-community\regexpp\LICENSE
@eslint/config-array@0.20.0,Apache-2.0,https://github.com/eslint/rewrite,C:\Users\user\dev\lifeGame_0\node_modules\@eslint\config-array\LICENSE
@eslint/config-helpers@0.2.1,Apache-2.0,https://github.com/eslint/rewrite,C:\Users\user\dev\lifeGame_0\node_modules\@eslint\config-helpers\LICENSE
@eslint/core@0.12.0,Apache-2.0,https://github.com/eslint/rewrite,C:\Users\user\dev\lifeGame_0\node_modules\@eslint\core\LICENSE
@eslint/core@0.13.0,Apache-2.0,https://github.com/eslint/rewrite,C:\Users\user\dev\lifeGame_0\node_modules\@eslint\plugin-kit\node_modules\@eslint\core\LICENSE
@eslint/eslintrc@3.3.1,MIT,https://github.com/eslint/eslintrc,C:\Users\user\dev\lifeGame_0\node_modules\@eslint\eslintrc\LICENSE
@eslint/js@9.24.0,MIT,https://github.com/eslint/eslint,C:\Users\user\dev\lifeGame_0\node_modules\@eslint\js\LICENSE
@eslint/object-schema@2.1.6,Apache-2.0,https://github.com/eslint/rewrite,C:\Users\user\dev\lifeGame_0\node_modules\@eslint\object-schema\LICENSE
@eslint/plugin-kit@0.2.8,Apache-2.0,https://github.com/eslint/rewrite,C:\Users\user\dev\lifeGame_0\node_modules\@eslint\plugin-kit\LICENSE
@humanfs/core@0.19.1,Apache-2.0,https://github.com/humanwhocodes/humanfs,C:\Users\user\dev\lifeGame_0\node_modules\@humanfs\core\LICENSE
@humanfs/node@0.16.6,Apache-2.0,https://github.com/humanwhocodes/humanfs,C:\Users\user\dev\lifeGame_0\node_modules\@humanfs\node\LICENSE
@humanwhocodes/module-importer@1.0.1,Apache-2.0,https://github.com/humanwhocodes/module-importer,C:\Users\user\dev\lifeGame_0\node_modules\@humanwhocodes\module-importer\LICENSE
@humanwhocodes/retry@0.3.1,Apache-2.0,https://github.com/humanwhocodes/retry,C:\Users\user\dev\lifeGame_0\node_modules\@humanfs\node\node_modules\@humanwhocodes\retry\LICENSE
@humanwhocodes/retry@0.4.2,Apache-2.0,https://github.com/humanwhocodes/retry,C:\Users\user\dev\lifeGame_0\node_modules\@humanwhocodes\retry\LICENSE
@jridgewell/sourcemap-codec@1.5.0,MIT,https://github.com/jridgewell/sourcemap-codec,C:\Users\user\dev\lifeGame_0\node_modules\@jridgewell\sourcemap-codec\LICENSE
@nodelib/fs.scandir@2.1.5,MIT,https://github.com/nodelib/nodelib/tree/master/packages/fs/fs.scandir,C:\Users\user\dev\lifeGame_0\node_modules\@nodelib\fs.scandir\LICENSE
@nodelib/fs.stat@2.0.5,MIT,https://github.com/nodelib/nodelib/tree/master/packages/fs/fs.stat,C:\Users\user\dev\lifeGame_0\node_modules\@nodelib\fs.stat\LICENSE
@nodelib/fs.walk@1.2.8,MIT,https://github.com/nodelib/nodelib/tree/master/packages/fs/fs.walk,C:\Users\user\dev\lifeGame_0\node_modules\@nodelib\fs.walk\LICENSE
@rollup/rollup-win32-x64-msvc@4.40.0,MIT,https://github.com/rollup/rollup,C:\Users\user\dev\lifeGame_0\node_modules\@rollup\rollup-win32-x64-msvc\README.md
@swc/core-win32-x64-msvc@1.11.20,Apache-2.0 AND MIT,https://github.com/swc-project/swc,C:\Users\user\dev\lifeGame_0\node_modules\@swc\core-win32-x64-msvc\README.md
@swc/core@1.11.20,Apache-2.0,https://github.com/swc-project/swc,
@swc/counter@0.1.3,Apache-2.0,https://github.com/swc-project/pkgs,C:\Users\user\dev\lifeGame_0\node_modules\@swc\counter\README.md
@swc/types@0.1.21,Apache-2.0,https://github.com/swc-project/swc,C:\Users\user\dev\lifeGame_0\node_modules\@swc\types\LICENSE
@types/estree@1.0.7,MIT,https://github.com/DefinitelyTyped/DefinitelyTyped,C:\Users\user\dev\lifeGame_0\node_modules\@types\estree\LICENSE
@types/json-schema@7.0.15,MIT,https://github.com/DefinitelyTyped/DefinitelyTyped,C:\Users\user\dev\lifeGame_0\node_modules\@types\json-schema\LICENSE
@types/node@22.14.1,MIT,https://github.com/DefinitelyTyped/DefinitelyTyped,C:\Users\user\dev\lifeGame_0\node_modules\@types\node\LICENSE
@types/react-dom@19.1.2,MIT,https://github.com/DefinitelyTyped/DefinitelyTyped,C:\Users\user\dev\lifeGame_0\node_modules\@types\react-dom\LICENSE
@types/react@19.1.1,MIT,https://github.com/DefinitelyTyped/DefinitelyTyped,C:\Users\user\dev\lifeGame_0\node_modules\@types\react\LICENSE
@typescript-eslint/eslint-plugin@8.29.1,MIT,https://github.com/typescript-eslint/typescript-eslint,C:\Users\user\dev\lifeGame_0\node_modules\@typescript-eslint\eslint-plugin\LICENSE
@typescript-eslint/parser@8.29.1,MIT,https://github.com/typescript-eslint/typescript-eslint,C:\Users\user\dev\lifeGame_0\node_modules\@typescript-eslint\parser\LICENSE
@typescript-eslint/scope-manager@8.29.1,MIT,https://github.com/typescript-eslint/typescript-eslint,C:\Users\user\dev\lifeGame_0\node_modules\@typescript-eslint\scope-manager\LICENSE
@typescript-eslint/type-utils@8.29.1,MIT,https://github.com/typescript-eslint/typescript-eslint,C:\Users\user\dev\lifeGame_0\node_modules\@typescript-eslint\type-utils\LICENSE
@typescript-eslint/types@8.29.1,MIT,https://github.com/typescript-eslint/typescript-eslint,C:\Users\user\dev\lifeGame_0\node_modules\@typescript-eslint\types\LICENSE
@typescript-eslint/typescript-estree@8.29.1,MIT,https://github.com/typescript-eslint/typescript-eslint,C:\Users\user\dev\lifeGame_0\node_modules\@typescript-eslint\typescript-estree\LICENSE
@typescript-eslint/utils@8.29.1,MIT,https://github.com/typescript-eslint/typescript-eslint,C:\Users\user\dev\lifeGame_0\node_modules\@typescript-eslint\utils\LICENSE
@typescript-eslint/visitor-keys@8.29.1,MIT,https://github.com/typescript-eslint/typescript-eslint,C:\Users\user\dev\lifeGame_0\node_modules\@typescript-eslint\visitor-keys\LICENSE
@vitejs/plugin-react-swc@3.8.1,MIT,https://github.com/vitejs/vite-plugin-react-swc,C:\Users\user\dev\lifeGame_0\node_modules\@vitejs\plugin-react-swc\LICENSE
@vitest/expect@3.1.2,MIT,https://github.com/vitest-dev/vitest,C:\Users\user\dev\lifeGame_0\node_modules\@vitest\expect\LICENSE
@vitest/mocker@3.1.2,MIT,https://github.com/vitest-dev/vitest,C:\Users\user\dev\lifeGame_0\node_modules\@vitest\mocker\LICENSE
@vitest/pretty-format@3.1.2,MIT,https://github.com/vitest-dev/vitest,C:\Users\user\dev\lifeGame_0\node_modules\@vitest\pretty-format\LICENSE
@vitest/runner@3.1.2,MIT,https://github.com/vitest-dev/vitest,C:\Users\user\dev\lifeGame_0\node_modules\@vitest\runner\LICENSE
@vitest/snapshot@3.1.2,MIT,https://github.com/vitest-dev/vitest,C:\Users\user\dev\lifeGame_0\node_modules\@vitest\snapshot\LICENSE
@vitest/spy@3.1.2,MIT,https://github.com/vitest-dev/vitest,C:\Users\user\dev\lifeGame_0\node_modules\@vitest\spy\LICENSE
@vitest/utils@3.1.2,MIT,https://github.com/vitest-dev/vitest,C:\Users\user\dev\lifeGame_0\node_modules\@vitest\utils\LICENSE
abbrev@1.1.1,ISC,https://github.com/isaacs/abbrev-js,C:\Users\user\dev\lifeGame_0\node_modules\abbrev\LICENSE
acorn-jsx@5.3.2,MIT,https://github.com/acornjs/acorn-jsx,C:\Users\user\dev\lifeGame_0\node_modules\acorn-jsx\LICENSE
acorn@8.14.1,MIT,https://github.com/acornjs/acorn,C:\Users\user\dev\lifeGame_0\node_modules\acorn\LICENSE
ajv@6.12.6,MIT,https://github.com/ajv-validator/ajv,C:\Users\user\dev\lifeGame_0\node_modules\ajv\LICENSE
ansi-styles@3.2.1,MIT,https://github.com/chalk/ansi-styles,C:\Users\user\dev\lifeGame_0\node_modules\license-checker\node_modules\ansi-styles\license
ansi-styles@4.3.0,MIT,https://github.com/chalk/ansi-styles,C:\Users\user\dev\lifeGame_0\node_modules\ansi-styles\license
argparse@2.0.1,Python-2.0,https://github.com/nodeca/argparse,C:\Users\user\dev\lifeGame_0\node_modules\argparse\LICENSE
array-find-index@1.0.2,MIT,https://github.com/sindresorhus/array-find-index,C:\Users\user\dev\lifeGame_0\node_modules\array-find-index\license
asap@2.0.6,MIT,https://github.com/kriskowal/asap,C:\Users\user\dev\lifeGame_0\node_modules\asap\LICENSE.md
assertion-error@2.0.1,MIT,https://github.com/chaijs/assertion-error,C:\Users\user\dev\lifeGame_0\node_modules\assertion-error\LICENSE
balanced-match@1.0.2,MIT,https://github.com/juliangruber/balanced-match,C:\Users\user\dev\lifeGame_0\node_modules\balanced-match\LICENSE.md
brace-expansion@1.1.11,MIT,https://github.com/juliangruber/brace-expansion,C:\Users\user\dev\lifeGame_0\node_modules\brace-expansion\LICENSE
brace-expansion@2.0.1,MIT,https://github.com/juliangruber/brace-expansion,C:\Users\user\dev\lifeGame_0\node_modules\@typescript-eslint\typescript-estree\node_modules\brace-expansion\LICENSE
braces@3.0.3,MIT,https://github.com/micromatch/braces,C:\Users\user\dev\lifeGame_0\node_modules\braces\LICENSE
cac@6.7.14,MIT,https://github.com/egoist/cac,C:\Users\user\dev\lifeGame_0\node_modules\cac\LICENSE
callsites@3.1.0,MIT,https://github.com/sindresorhus/callsites,C:\Users\user\dev\lifeGame_0\node_modules\callsites\license
chai@5.2.0,MIT,https://github.com/chaijs/chai,C:\Users\user\dev\lifeGame_0\node_modules\chai\LICENSE
chalk@2.4.2,MIT,https://github.com/chalk/chalk,C:\Users\user\dev\lifeGame_0\node_modules\license-checker\node_modules\chalk\license
chalk@4.1.2,MIT,https://github.com/chalk/chalk,C:\Users\user\dev\lifeGame_0\node_modules\chalk\license
check-error@2.1.1,MIT,https://github.com/chaijs/check-error,C:\Users\user\dev\lifeGame_0\node_modules\check-error\LICENSE
color-convert@1.9.3,MIT,https://github.com/Qix-/color-convert,C:\Users\user\dev\lifeGame_0\node_modules\license-checker\node_modules\color-convert\LICENSE
color-convert@2.0.1,MIT,https://github.com/Qix-/color-convert,C:\Users\user\dev\lifeGame_0\node_modules\color-convert\LICENSE
color-name@1.1.3,MIT,https://github.com/dfcreative/color-name,C:\Users\user\dev\lifeGame_0\node_modules\license-checker\node_modules\color-name\LICENSE
color-name@1.1.4,MIT,https://github.com/colorjs/color-name,C:\Users\user\dev\lifeGame_0\node_modules\color-name\LICENSE
concat-map@0.0.1,MIT,https://github.com/substack/node-concat-map,C:\Users\user\dev\lifeGame_0\node_modules\concat-map\LICENSE
cross-spawn@7.0.6,MIT,https://github.com/moxystudio/node-cross-spawn,C:\Users\user\dev\lifeGame_0\node_modules\cross-spawn\LICENSE
csstype@3.1.3,MIT,https://github.com/frenic/csstype,C:\Users\user\dev\lifeGame_0\node_modules\csstype\LICENSE
csv-writer@1.6.0,MIT,https://github.com/ryu1kn/csv-writer,C:\Users\user\dev\lifeGame_0\node_modules\csv-writer\README.md
debug@3.2.7,MIT,https://github.com/visionmedia/debug,C:\Users\user\dev\lifeGame_0\node_modules\license-checker\node_modules\debug\LICENSE
debug@4.4.0,MIT,https://github.com/debug-js/debug,C:\Users\user\dev\lifeGame_0\node_modules\debug\LICENSE
debuglog@1.0.1,MIT,https://github.com/sam-github/node-debuglog,C:\Users\user\dev\lifeGame_0\node_modules\debuglog\LICENSE
deep-eql@5.0.2,MIT,https://github.com/chaijs/deep-eql,C:\Users\user\dev\lifeGame_0\node_modules\deep-eql\LICENSE
deep-is@0.1.4,MIT,https://github.com/thlorenz/deep-is,C:\Users\user\dev\lifeGame_0\node_modules\deep-is\LICENSE
dezalgo@1.0.4,ISC,https://github.com/npm/dezalgo,C:\Users\user\dev\lifeGame_0\node_modules\dezalgo\LICENSE
es-module-lexer@1.7.0,MIT,https://github.com/guybedford/es-module-lexer,C:\Users\user\dev\lifeGame_0\node_modules\es-module-lexer\LICENSE
esbuild@0.25.2,MIT,https://github.com/evanw/esbuild,C:\Users\user\dev\lifeGame_0\node_modules\esbuild\LICENSE.md
escape-string-regexp@1.0.5,MIT,https://github.com/sindresorhus/escape-string-regexp,C:\Users\user\dev\lifeGame_0\node_modules\license-checker\node_modules\escape-string-regexp\license
escape-string-regexp@4.0.0,MIT,https://github.com/sindresorhus/escape-string-regexp,C:\Users\user\dev\lifeGame_0\node_modules\escape-string-regexp\license
eslint-plugin-react-hooks@5.2.0,MIT,https://github.com/facebook/react,C:\Users\user\dev\lifeGame_0\node_modules\eslint-plugin-react-hooks\LICENSE
eslint-plugin-react-refresh@0.4.19,MIT,https://github.com/ArnaudBarre/eslint-plugin-react-refresh,C:\Users\user\dev\lifeGame_0\node_modules\eslint-plugin-react-refresh\LICENSE
eslint-scope@8.3.0,BSD-2-Clause,https://github.com/eslint/js,C:\Users\user\dev\lifeGame_0\node_modules\eslint-scope\LICENSE
eslint-visitor-keys@3.4.3,Apache-2.0,https://github.com/eslint/eslint-visitor-keys,C:\Users\user\dev\lifeGame_0\node_modules\@eslint-community\eslint-utils\node_modules\eslint-visitor-keys\LICENSE
eslint-visitor-keys@4.2.0,Apache-2.0,https://github.com/eslint/js,C:\Users\user\dev\lifeGame_0\node_modules\eslint-visitor-keys\LICENSE
eslint@9.24.0,MIT,https://github.com/eslint/eslint,C:\Users\user\dev\lifeGame_0\node_modules\eslint\LICENSE
espree@10.3.0,BSD-2-Clause,https://github.com/eslint/js,C:\Users\user\dev\lifeGame_0\node_modules\espree\LICENSE
esquery@1.6.0,BSD-3-Clause,https://github.com/estools/esquery,C:\Users\user\dev\lifeGame_0\node_modules\esquery\license.txt
esrecurse@4.3.0,BSD-2-Clause,https://github.com/estools/esrecurse,C:\Users\user\dev\lifeGame_0\node_modules\esrecurse\README.md
estraverse@5.3.0,BSD-2-Clause,https://github.com/estools/estraverse,C:\Users\user\dev\lifeGame_0\node_modules\estraverse\LICENSE.BSD
estree-walker@3.0.3,MIT,https://github.com/Rich-Harris/estree-walker,C:\Users\user\dev\lifeGame_0\node_modules\estree-walker\LICENSE
esutils@2.0.3,BSD-2-Clause,https://github.com/estools/esutils,C:\Users\user\dev\lifeGame_0\node_modules\esutils\LICENSE.BSD
expect-type@1.2.1,Apache-2.0,https://github.com/mmkal/expect-type,C:\Users\user\dev\lifeGame_0\node_modules\expect-type\LICENSE
fast-deep-equal@3.1.3,MIT,https://github.com/epoberezkin/fast-deep-equal,C:\Users\user\dev\lifeGame_0\node_modules\fast-deep-equal\LICENSE
fast-glob@3.3.3,MIT,https://github.com/mrmlnc/fast-glob,C:\Users\user\dev\lifeGame_0\node_modules\fast-glob\LICENSE
fast-json-stable-stringify@2.1.0,MIT,https://github.com/epoberezkin/fast-json-stable-stringify,C:\Users\user\dev\lifeGame_0\node_modules\fast-json-stable-stringify\LICENSE
fast-levenshtein@2.0.6,MIT,https://github.com/hiddentao/fast-levenshtein,C:\Users\user\dev\lifeGame_0\node_modules\fast-levenshtein\LICENSE.md
fastq@1.19.1,ISC,https://github.com/mcollina/fastq,C:\Users\user\dev\lifeGame_0\node_modules\fastq\LICENSE
fdir@6.4.4,MIT,https://github.com/thecodrr/fdir,C:\Users\user\dev\lifeGame_0\node_modules\tinyglobby\node_modules\fdir\LICENSE
file-entry-cache@8.0.0,MIT,https://github.com/jaredwray/file-entry-cache,C:\Users\user\dev\lifeGame_0\node_modules\file-entry-cache\LICENSE
fill-range@7.1.1,MIT,https://github.com/jonschlinkert/fill-range,C:\Users\user\dev\lifeGame_0\node_modules\fill-range\LICENSE
find-up@5.0.0,MIT,https://github.com/sindresorhus/find-up,C:\Users\user\dev\lifeGame_0\node_modules\find-up\license
flat-cache@4.0.1,MIT,https://github.com/jaredwray/flat-cache,C:\Users\user\dev\lifeGame_0\node_modules\flat-cache\LICENSE
flatted@3.3.3,ISC,https://github.com/WebReflection/flatted,C:\Users\user\dev\lifeGame_0\node_modules\flatted\LICENSE
fs.realpath@1.0.0,ISC,https://github.com/isaacs/fs.realpath,C:\Users\user\dev\lifeGame_0\node_modules\fs.realpath\LICENSE
function-bind@1.1.2,MIT,https://github.com/Raynos/function-bind,C:\Users\user\dev\lifeGame_0\node_modules\function-bind\LICENSE
glob-parent@5.1.2,ISC,https://github.com/gulpjs/glob-parent,C:\Users\user\dev\lifeGame_0\node_modules\fast-glob\node_modules\glob-parent\LICENSE
glob-parent@6.0.2,ISC,https://github.com/gulpjs/glob-parent,C:\Users\user\dev\lifeGame_0\node_modules\glob-parent\LICENSE
glob@7.2.3,ISC,https://github.com/isaacs/node-glob,C:\Users\user\dev\lifeGame_0\node_modules\glob\LICENSE
globals@14.0.0,MIT,https://github.com/sindresorhus/globals,C:\Users\user\dev\lifeGame_0\node_modules\@eslint\eslintrc\node_modules\globals\license
globals@15.15.0,MIT,https://github.com/sindresorhus/globals,C:\Users\user\dev\lifeGame_0\node_modules\globals\license
graceful-fs@4.2.11,ISC,https://github.com/isaacs/node-graceful-fs,C:\Users\user\dev\lifeGame_0\node_modules\graceful-fs\LICENSE
graphemer@1.4.0,MIT,https://github.com/flmnt/graphemer,C:\Users\user\dev\lifeGame_0\node_modules\graphemer\LICENSE
has-flag@3.0.0,MIT,https://github.com/sindresorhus/has-flag,C:\Users\user\dev\lifeGame_0\node_modules\license-checker\node_modules\has-flag\license
has-flag@4.0.0,MIT,https://github.com/sindresorhus/has-flag,C:\Users\user\dev\lifeGame_0\node_modules\has-flag\license
hasown@2.0.2,MIT,https://github.com/inspect-js/hasOwn,C:\Users\user\dev\lifeGame_0\node_modules\hasown\LICENSE
hosted-git-info@2.8.9,ISC,https://github.com/npm/hosted-git-info,C:\Users\user\dev\lifeGame_0\node_modules\hosted-git-info\LICENSE
ignore@5.3.2,MIT,https://github.com/kaelzhang/node-ignore,C:\Users\user\dev\lifeGame_0\node_modules\ignore\LICENSE-MIT
import-fresh@3.3.1,MIT,https://github.com/sindresorhus/import-fresh,C:\Users\user\dev\lifeGame_0\node_modules\import-fresh\license
imurmurhash@0.1.4,MIT,https://github.com/jensyt/imurmurhash-js,C:\Users\user\dev\lifeGame_0\node_modules\imurmurhash\README.md
inflight@1.0.6,ISC,https://github.com/npm/inflight,C:\Users\user\dev\lifeGame_0\node_modules\inflight\LICENSE
inherits@2.0.4,ISC,https://github.com/isaacs/inherits,C:\Users\user\dev\lifeGame_0\node_modules\inherits\LICENSE
is-core-module@2.16.1,MIT,https://github.com/inspect-js/is-core-module,C:\Users\user\dev\lifeGame_0\node_modules\is-core-module\LICENSE
is-extglob@2.1.1,MIT,https://github.com/jonschlinkert/is-extglob,C:\Users\user\dev\lifeGame_0\node_modules\is-extglob\LICENSE
is-glob@4.0.3,MIT,https://github.com/micromatch/is-glob,C:\Users\user\dev\lifeGame_0\node_modules\is-glob\LICENSE
is-number@7.0.0,MIT,https://github.com/jonschlinkert/is-number,C:\Users\user\dev\lifeGame_0\node_modules\is-number\LICENSE
isexe@2.0.0,ISC,https://github.com/isaacs/isexe,C:\Users\user\dev\lifeGame_0\node_modules\isexe\LICENSE
js-yaml@4.1.0,MIT,https://github.com/nodeca/js-yaml,C:\Users\user\dev\lifeGame_0\node_modules\js-yaml\LICENSE
json-buffer@3.0.1,MIT,https://github.com/dominictarr/json-buffer,C:\Users\user\dev\lifeGame_0\node_modules\json-buffer\LICENSE
json-parse-even-better-errors@2.3.1,MIT,https://github.com/npm/json-parse-even-better-errors,C:\Users\user\dev\lifeGame_0\node_modules\json-parse-even-better-errors\LICENSE.md
json-schema-traverse@0.4.1,MIT,https://github.com/epoberezkin/json-schema-traverse,C:\Users\user\dev\lifeGame_0\node_modules\json-schema-traverse\LICENSE
json-stable-stringify-without-jsonify@1.0.1,MIT,https://github.com/samn/json-stable-stringify,C:\Users\user\dev\lifeGame_0\node_modules\json-stable-stringify-without-jsonify\LICENSE
keyv@4.5.4,MIT,https://github.com/jaredwray/keyv,C:\Users\user\dev\lifeGame_0\node_modules\keyv\README.md
levn@0.4.1,MIT,https://github.com/gkz/levn,C:\Users\user\dev\lifeGame_0\node_modules\levn\LICENSE
license-checker@25.0.1,BSD-3-Clause,https://github.com/davglass/license-checker,C:\Users\user\dev\lifeGame_0\node_modules\license-checker\LICENSE
lifegame_0@1.0.5-f,UNLICENSED,https://github.com/NobuoJt/lifeGame_0,LICENSE
locate-path@6.0.0,MIT,https://github.com/sindresorhus/locate-path,C:\Users\user\dev\lifeGame_0\node_modules\locate-path\license
lodash.merge@4.6.2,MIT,https://github.com/lodash/lodash,C:\Users\user\dev\lifeGame_0\node_modules\lodash.merge\LICENSE
loupe@3.1.3,MIT,https://github.com/chaijs/loupe,C:\Users\user\dev\lifeGame_0\node_modules\loupe\LICENSE
magic-string@0.30.17,MIT,https://github.com/rich-harris/magic-string,C:\Users\user\dev\lifeGame_0\node_modules\magic-string\LICENSE
merge2@1.4.1,MIT,https://github.com/teambition/merge2,C:\Users\user\dev\lifeGame_0\node_modules\merge2\LICENSE
micromatch@4.0.8,MIT,https://github.com/micromatch/micromatch,C:\Users\user\dev\lifeGame_0\node_modules\micromatch\LICENSE
minimatch@3.1.2,ISC,https://github.com/isaacs/minimatch,C:\Users\user\dev\lifeGame_0\node_modules\minimatch\LICENSE
minimatch@9.0.5,ISC,https://github.com/isaacs/minimatch,C:\Users\user\dev\lifeGame_0\node_modules\@typescript-eslint\typescript-estree\node_modules\minimatch\LICENSE
minimist@1.2.8,MIT,https://github.com/minimistjs/minimist,C:\Users\user\dev\lifeGame_0\node_modules\minimist\LICENSE
mkdirp@0.5.6,MIT,https://github.com/substack/node-mkdirp,C:\Users\user\dev\lifeGame_0\node_modules\mkdirp\LICENSE
ms@2.1.3,MIT,https://github.com/vercel/ms,C:\Users\user\dev\lifeGame_0\node_modules\ms\license.md
nanoid@3.3.11,MIT,https://github.com/ai/nanoid,C:\Users\user\dev\lifeGame_0\node_modules\nanoid\LICENSE
natural-compare@1.4.0,MIT,https://github.com/litejs/natural-compare-lite,C:\Users\user\dev\lifeGame_0\node_modules\natural-compare\README.md
nopt@4.0.3,ISC,https://github.com/npm/nopt,C:\Users\user\dev\lifeGame_0\node_modules\nopt\LICENSE
normalize-package-data@2.5.0,BSD-2-Clause,https://github.com/npm/normalize-package-data,C:\Users\user\dev\lifeGame_0\node_modules\normalize-package-data\LICENSE
npm-normalize-package-bin@1.0.1,ISC,https://github.com/npm/npm-normalize-package-bin,C:\Users\user\dev\lifeGame_0\node_modules\npm-normalize-package-bin\LICENSE
once@1.4.0,ISC,https://github.com/isaacs/once,C:\Users\user\dev\lifeGame_0\node_modules\once\LICENSE
optionator@0.9.4,MIT,https://github.com/gkz/optionator,C:\Users\user\dev\lifeGame_0\node_modules\optionator\LICENSE
os-homedir@1.0.2,MIT,https://github.com/sindresorhus/os-homedir,C:\Users\user\dev\lifeGame_0\node_modules\os-homedir\license
os-tmpdir@1.0.2,MIT,https://github.com/sindresorhus/os-tmpdir,C:\Users\user\dev\lifeGame_0\node_modules\os-tmpdir\license
osenv@0.1.5,ISC,https://github.com/npm/osenv,C:\Users\user\dev\lifeGame_0\node_modules\osenv\LICENSE
p-limit@3.1.0,MIT,https://github.com/sindresorhus/p-limit,C:\Users\user\dev\lifeGame_0\node_modules\p-limit\license
p-locate@5.0.0,MIT,https://github.com/sindresorhus/p-locate,C:\Users\user\dev\lifeGame_0\node_modules\p-locate\license
parent-module@1.0.1,MIT,https://github.com/sindresorhus/parent-module,C:\Users\user\dev\lifeGame_0\node_modules\parent-module\license
path-exists@4.0.0,MIT,https://github.com/sindresorhus/path-exists,C:\Users\user\dev\lifeGame_0\node_modules\path-exists\license
path-is-absolute@1.0.1,MIT,https://github.com/sindresorhus/path-is-absolute,C:\Users\user\dev\lifeGame_0\node_modules\path-is-absolute\license
path-key@3.1.1,MIT,https://github.com/sindresorhus/path-key,C:\Users\user\dev\lifeGame_0\node_modules\path-key\license
path-parse@1.0.7,MIT,https://github.com/jbgutierrez/path-parse,C:\Users\user\dev\lifeGame_0\node_modules\path-parse\LICENSE
pathe@2.0.3,MIT,https://github.com/unjs/pathe,C:\Users\user\dev\lifeGame_0\node_modules\pathe\LICENSE
pathval@2.0.0,MIT,https://github.com/chaijs/pathval,C:\Users\user\dev\lifeGame_0\node_modules\pathval\LICENSE
picocolors@1.1.1,ISC,https://github.com/alexeyraspopov/picocolors,C:\Users\user\dev\lifeGame_0\node_modules\picocolors\LICENSE
picomatch@2.3.1,MIT,https://github.com/micromatch/picomatch,C:\Users\user\dev\lifeGame_0\node_modules\picomatch\LICENSE
picomatch@4.0.2,MIT,https://github.com/micromatch/picomatch,C:\Users\user\dev\lifeGame_0\node_modules\tinyglobby\node_modules\picomatch\LICENSE
postcss@8.5.3,MIT,https://github.com/postcss/postcss,C:\Users\user\dev\lifeGame_0\node_modules\postcss\LICENSE
prelude-ls@1.2.1,MIT,https://github.com/gkz/prelude-ls,C:\Users\user\dev\lifeGame_0\node_modules\prelude-ls\LICENSE
punycode@2.3.1,MIT,https://github.com/mathiasbynens/punycode.js,C:\Users\user\dev\lifeGame_0\node_modules\punycode\LICENSE-MIT.txt
queue-microtask@1.2.3,MIT,https://github.com/feross/queue-microtask,C:\Users\user\dev\lifeGame_0\node_modules\queue-microtask\LICENSE
react-dom@19.1.0,MIT,https://github.com/facebook/react,C:\Users\user\dev\lifeGame_0\node_modules\react-dom\LICENSE
react@19.1.0,MIT,https://github.com/facebook/react,C:\Users\user\dev\lifeGame_0\node_modules\react\LICENSE
read-installed@4.0.3,ISC,https://github.com/isaacs/read-installed,C:\Users\user\dev\lifeGame_0\node_modules\read-installed\LICENSE
read-package-json@2.1.2,ISC,https://github.com/npm/read-package-json,C:\Users\user\dev\lifeGame_0\node_modules\read-package-json\LICENSE
readdir-scoped-modules@1.1.0,ISC,https://github.com/npm/readdir-scoped-modules,C:\Users\user\dev\lifeGame_0\node_modules\readdir-scoped-modules\LICENSE
resolve-from@4.0.0,MIT,https://github.com/sindresorhus/resolve-from,C:\Users\user\dev\lifeGame_0\node_modules\resolve-from\license
resolve@1.22.10,MIT,https://github.com/browserify/resolve,C:\Users\user\dev\lifeGame_0\node_modules\resolve\LICENSE
reusify@1.1.0,MIT,https://github.com/mcollina/reusify,C:\Users\user\dev\lifeGame_0\node_modules\reusify\LICENSE
rollup@4.40.0,MIT,https://github.com/rollup/rollup,C:\Users\user\dev\lifeGame_0\node_modules\rollup\LICENSE.md
run-parallel@1.2.0,MIT,https://github.com/feross/run-parallel,C:\Users\user\dev\lifeGame_0\node_modules\run-parallel\LICENSE
scheduler@0.26.0,MIT,https://github.com/facebook/react,C:\Users\user\dev\lifeGame_0\node_modules\scheduler\LICENSE
semver@5.7.2,ISC,https://github.com/npm/node-semver,C:\Users\user\dev\lifeGame_0\node_modules\normalize-package-data\node_modules\semver\LICENSE
semver@7.7.1,ISC,https://github.com/npm/node-semver,C:\Users\user\dev\lifeGame_0\node_modules\semver\LICENSE
shebang-command@2.0.0,MIT,https://github.com/kevva/shebang-command,C:\Users\user\dev\lifeGame_0\node_modules\shebang-command\license
shebang-regex@3.0.0,MIT,https://github.com/sindresorhus/shebang-regex,C:\Users\user\dev\lifeGame_0\node_modules\shebang-regex\license
siginfo@2.0.0,ISC,https://github.com/emilbayes/siginfo,C:\Users\user\dev\lifeGame_0\node_modules\siginfo\LICENSE
slide@1.1.6,ISC,https://github.com/isaacs/slide-flow-control,C:\Users\user\dev\lifeGame_0\node_modules\slide\LICENSE
source-map-js@1.2.1,BSD-3-Clause,https://github.com/7rulnik/source-map-js,C:\Users\user\dev\lifeGame_0\node_modules\source-map-js\LICENSE
spdx-compare@1.0.0,MIT,https://github.com/kemitchell/spdx-compare.js,C:\Users\user\dev\lifeGame_0\node_modules\spdx-compare\LICENSE.md
spdx-correct@3.2.0,Apache-2.0,https://github.com/jslicense/spdx-correct.js,C:\Users\user\dev\lifeGame_0\node_modules\spdx-correct\LICENSE
spdx-exceptions@2.5.0,CC-BY-3.0,https://github.com/kemitchell/spdx-exceptions.json,C:\Users\user\dev\lifeGame_0\node_modules\spdx-exceptions\README.md
spdx-expression-parse@3.0.1,MIT,https://github.com/jslicense/spdx-expression-parse.js,C:\Users\user\dev\lifeGame_0\node_modules\spdx-expression-parse\LICENSE
spdx-license-ids@3.0.21,CC0-1.0,https://github.com/jslicense/spdx-license-ids,C:\Users\user\dev\lifeGame_0\node_modules\spdx-license-ids\README.md
spdx-ranges@2.1.1,(MIT AND CC-BY-3.0),https://github.com/kemitchell/spdx-ranges.js,C:\Users\user\dev\lifeGame_0\node_modules\spdx-ranges\LICENSE.md
spdx-satisfies@4.0.1,MIT,https://github.com/kemitchell/spdx-satisfies.js,C:\Users\user\dev\lifeGame_0\node_modules\spdx-satisfies\LICENSE
stackback@0.0.2,MIT,https://github.com/shtylman/node-stackback,C:\Users\user\dev\lifeGame_0\node_modules\stackback\README.md
std-env@3.9.0,MIT,https://github.com/unjs/std-env,C:\Users\user\dev\lifeGame_0\node_modules\std-env\LICENCE
strip-json-comments@3.1.1,MIT,https://github.com/sindresorhus/strip-json-comments,C:\Users\user\dev\lifeGame_0\node_modules\strip-json-comments\license
supports-color@5.5.0,MIT,https://github.com/chalk/supports-color,C:\Users\user\dev\lifeGame_0\node_modules\license-checker\node_modules\supports-color\license
supports-color@7.2.0,MIT,https://github.com/chalk/supports-color,C:\Users\user\dev\lifeGame_0\node_modules\supports-color\license
supports-preserve-symlinks-flag@1.0.0,MIT,https://github.com/inspect-js/node-supports-preserve-symlinks-flag,C:\Users\user\dev\lifeGame_0\node_modules\supports-preserve-symlinks-flag\LICENSE
tinybench@2.9.0,MIT,https://github.com/tinylibs/tinybench,C:\Users\user\dev\lifeGame_0\node_modules\tinybench\LICENSE
tinyexec@0.3.2,MIT,https://github.com/tinylibs/tinyexec,C:\Users\user\dev\lifeGame_0\node_modules\tinyexec\LICENSE
tinyglobby@0.2.13,MIT,https://github.com/SuperchupuDev/tinyglobby,C:\Users\user\dev\lifeGame_0\node_modules\tinyglobby\LICENSE
tinypool@1.0.2,MIT,https://github.com/tinylibs/tinypool,C:\Users\user\dev\lifeGame_0\node_modules\tinypool\LICENSE
tinyrainbow@2.0.0,MIT,https://github.com/tinylibs/tinyrainbow,C:\Users\user\dev\lifeGame_0\node_modules\tinyrainbow\LICENCE
tinyspy@3.0.2,MIT,https://github.com/tinylibs/tinyspy,C:\Users\user\dev\lifeGame_0\node_modules\tinyspy\LICENCE
to-regex-range@5.0.1,MIT,https://github.com/micromatch/to-regex-range,C:\Users\user\dev\lifeGame_0\node_modules\to-regex-range\LICENSE
treeify@1.1.0,MIT,https://github.com/notatestuser/treeify,C:\Users\user\dev\lifeGame_0\node_modules\treeify\LICENSE
ts-api-utils@2.1.0,MIT,https://github.com/JoshuaKGoldberg/ts-api-utils,C:\Users\user\dev\lifeGame_0\node_modules\ts-api-utils\LICENSE.md
type-check@0.4.0,MIT,https://github.com/gkz/type-check,C:\Users\user\dev\lifeGame_0\node_modules\type-check\LICENSE
typescript-eslint@8.29.1,MIT,https://github.com/typescript-eslint/typescript-eslint,C:\Users\user\dev\lifeGame_0\node_modules\typescript-eslint\LICENSE
typescript@5.7.3,Apache-2.0,https://github.com/microsoft/TypeScript,C:\Users\user\dev\lifeGame_0\node_modules\typescript\LICENSE.txt
undici-types@6.21.0,MIT,https://github.com/nodejs/undici,C:\Users\user\dev\lifeGame_0\node_modules\undici-types\LICENSE
uri-js@4.4.1,BSD-2-Clause,https://github.com/garycourt/uri-js,C:\Users\user\dev\lifeGame_0\node_modules\uri-js\LICENSE
util-extend@1.0.3,MIT,https://github.com/isaacs/util-extend,C:\Users\user\dev\lifeGame_0\node_modules\util-extend\LICENSE
validate-npm-package-license@3.0.4,Apache-2.0,https://github.com/kemitchell/validate-npm-package-license.js,C:\Users\user\dev\lifeGame_0\node_modules\validate-npm-package-license\LICENSE
vite-node@3.1.2,MIT,https://github.com/vitest-dev/vitest,C:\Users\user\dev\lifeGame_0\node_modules\vite-node\LICENSE
vite@6.2.6,MIT,https://github.com/vitejs/vite,C:\Users\user\dev\lifeGame_0\node_modules\vite\LICENSE.md
vitest@3.1.2,MIT,https://github.com/vitest-dev/vitest,C:\Users\user\dev\lifeGame_0\node_modules\vitest\LICENSE.md
which@2.0.2,ISC,https://github.com/isaacs/node-which,C:\Users\user\dev\lifeGame_0\node_modules\which\LICENSE
why-is-node-running@2.3.0,MIT,https://github.com/mafintosh/why-is-node-running,C:\Users\user\dev\lifeGame_0\node_modules\why-is-node-running\LICENSE
word-wrap@1.2.5,MIT,https://github.com/jonschlinkert/word-wrap,C:\Users\user\dev\lifeGame_0\node_modules\word-wrap\LICENSE
wrappy@1.0.2,ISC,https://github.com/npm/wrappy,C:\Users\user\dev\lifeGame_0\node_modules\wrappy\LICENSE
yocto-queue@0.1.0,MIT,https://github.com/sindresorhus/yocto-queue,C:\Users\user\dev\lifeGame_0\node_modules\yocto-queue\license
